City_ID,City,Lat,Lng,Max Temp,Humidity,Cloudiness,Wind Speed,Country,Date
0,adamstown,-25.066,-130.1015,22.62,78,100,7.34,PN,1699798403
1,port-aux-francais,-49.35,70.2167,5.08,92,100,16.96,TF,1699798405
2,biga,40.2281,27.2422,20.11,48,55,1.8,TR,1699798406
3,itamaraca,-7.7478,-34.8256,30.03,54,0,4.88,BR,1699798407
4,waitangi,-43.9535,-176.5597,12.12,84,58,1.79,NZ,1699798408
5,mossel bay,-34.1831,22.146,19.96,62,13,4.58,ZA,1699798409
6,kerikeri,-35.2268,173.9474,8.55,91,5,1.63,NZ,1699798201
7,madinat ash shamal,26.1293,51.2009,27.38,64,51,4.13,QA,1699798410
8,florence,43.7667,11.25,12.86,87,75,2.06,IT,1699798412
9,avarua,-21.2078,-159.775,21.03,78,100,3.6,CK,1699798413
10,ribeira grande,38.5167,-28.7,21.54,88,40,10.8,PT,1699798414
11,margaret river,-33.95,115.0667,18.47,59,96,6.76,AU,1699798415
12,grytviken,-54.2811,-36.5092,4.69,89,76,2.48,GS,1699798415
13,utrik,11.2278,169.8474,27.5,80,100,9.78,MH,1699798415
14,wailua homesteads,22.0669,-159.378,24.44,87,75,6.17,US,1699798417
15,cururupu,-1.8283,-44.8683,33.06,43,2,3.41,BR,1699798362
16,luena,-11.7833,19.9167,23.69,71,98,1.91,AO,1699798418
17,albany,42.6001,-73.9662,1.68,66,7,0.45,US,1699798211
18,hamilton,39.1834,-84.5333,6.81,76,40,4.63,US,1699797856
19,iqaluit,63.7506,-68.5145,-16.15,71,75,6.71,CA,1699798418
20,bilibino,68.0546,166.4372,-13.85,95,100,4.39,RU,1699798419
21,harstad,68.799,16.5293,-0.34,63,2,7.6,NO,1699798419
22,hermanus,-34.4187,19.2345,17.9,62,7,4.26,ZA,1699798419
23,gadzhiyevo,69.2551,33.3362,-8.32,99,90,3.8,RU,1699798420
24,tiksi,71.6872,128.8694,-17.47,92,56,5.63,RU,1699798420
25,sitka,57.0531,-135.33,2.94,87,0,1.54,US,1699798421
26,mariano,8.8333,125.1167,25.37,92,100,0.69,PH,1699798421
27,saipan,15.1355,145.701,28.39,78,20,6.17,MP,1699798421
28,college,64.8569,-147.8028,-8.03,79,100,0.0,US,1699798422
29,ambon,-3.6954,128.1814,27.82,13,40,2.57,ID,1699798422
30,mount isa,-20.7333,139.5,22.87,68,31,0.0,AU,1699798423
31,tofol,5.3248,163.0078,26.88,84,100,7.7,FM,1699798423
32,west island,-12.1568,96.8225,26.99,83,75,4.12,CC,1699798424
33,blackmans bay,-43.0167,147.3167,9.18,72,100,3.8,AU,1699798424
34,edinburgh of the seven seas,-37.0676,-12.3116,14.3,78,5,7.28,SH,1699798310
35,summerside,46.3959,-63.7876,4.07,70,98,5.66,CA,1699798424
36,nova sintra,14.8667,-24.7167,23.16,68,95,4.38,CV,1699798425
37,udachny,66.4167,112.4,-20.18,100,83,1.43,RU,1699798425
38,labrador city,52.9463,-66.9114,-6.05,86,100,4.12,CA,1699798425
39,port elizabeth,-33.918,25.5701,20.17,60,20,10.29,ZA,1699798282
40,tura,25.5198,90.2201,19.62,89,0,1.73,IN,1699798426
41,barro alto,-11.7608,-41.9117,33.4,23,5,3.19,BR,1699798426
42,olonkinbyen,70.9221,-8.7187,-3.65,66,59,3.45,SJ,1699798426
43,la gi,10.6667,107.7833,26.52,87,12,6.25,VN,1699798427
44,waddan,29.1614,16.139,26.79,35,0,2.59,LY,1699798427
45,dhing,26.4667,92.4667,21.88,72,0,2.25,IN,1699798427
46,qaqortoq,60.7167,-46.0333,-3.38,79,29,1.56,GL,1699798427
47,stanley,54.868,-1.6985,7.06,88,20,1.03,GB,1699798428
48,punta arenas,-53.15,-70.9167,10.06,53,23,5.58,CL,1699798371
49,okhotsk,59.3833,143.3,-18.24,85,2,10.02,RU,1699798429
50,zaozersk,69.4005,32.4476,-9.99,98,92,3.3,RU,1699798429
51,pangai,-19.8,-174.35,23.63,83,100,11.12,TO,1699798429
52,ust-nera,64.5667,143.2,-24.51,96,100,1.07,RU,1699798430
53,yellowknife,62.456,-114.3525,-3.66,99,100,8.75,CA,1699798175
54,ko lanta,7.5336,99.0865,26.59,85,100,4.77,TH,1699798430
55,chibougamau,49.9168,-74.3659,-6.21,86,100,3.6,CA,1699798431
56,jeremie,18.65,-74.1167,29.21,72,13,4.35,HT,1699798431
57,awsim,30.123,31.1357,25.44,37,21,0.97,EG,1699798431
58,smara,26.7384,-11.6719,33.28,13,80,3.42,EH,1699798431
59,georgetown,5.4112,100.3354,27.96,78,20,1.03,MY,1699798280
60,bethel,41.3712,-73.414,3.63,69,0,4.12,US,1699798432
61,puerto ayora,-0.7393,-90.3518,26.98,97,58,4.02,EC,1699798432
62,san antonio de pale,-1.4014,5.6325,26.07,84,100,3.99,GQ,1699798433
63,sambava,-14.2667,50.1667,25.99,77,100,6.11,MG,1699798433
64,walvis bay,-22.9575,14.5053,21.3,54,28,6.97,NA,1699798433
65,nar'yan-mar,67.6713,53.087,-8.27,94,16,2.68,RU,1699798263
66,fale old settlement,-9.3852,-171.2468,28.46,78,11,3.02,TK,1699798435
67,holualoa,19.6228,-155.9522,20.91,94,0,1.54,US,1699798315
68,turar ryskulov,42.5333,70.3333,3.89,64,2,3.04,KZ,1699798435
69,grajau,-5.8194,-46.1386,35.92,34,20,2.2,BR,1699798435
70,aitape,-3.1374,142.3475,25.21,91,45,1.56,PG,1699798436
71,mumbwa,-14.9783,27.0619,34.76,16,63,2.64,ZM,1699798436
72,kapoeta,4.7717,33.5903,34.06,30,11,8.6,SS,1699798437
73,port lincoln,-34.7333,135.8667,13.17,78,92,6.92,AU,1699798437
74,khilok,51.3674,110.4676,-10.71,92,5,1.52,RU,1699798390
75,albertina,-22.2008,-46.6158,33.61,22,85,1.66,BR,1699798439
76,susuman,62.7833,148.1667,-34.4,96,51,0.3,RU,1699798439
77,olyokminsk,60.3736,120.4264,-9.15,89,98,3.83,RU,1699798440
78,thompson,55.7435,-97.8558,-0.91,86,100,4.63,CA,1699798440
79,bayganin,48.6947,55.8742,4.79,69,9,2.23,KZ,1699798440
80,aasiaat,68.7098,-52.8699,-12.1,81,100,3.41,GL,1699798441
81,dudinka,69.4058,86.1778,-3.54,95,100,9.39,RU,1699798441
82,margate,51.3813,1.3862,9.94,81,99,0.45,GB,1699798355
83,bontang,0.1333,117.5,27.28,81,45,1.43,ID,1699798441
84,kashgar,39.4547,75.9797,8.0,34,3,2.02,CN,1699798442
85,invercargill,-46.4,168.35,11.68,95,97,1.34,NZ,1699798442
86,remire-montjoly,4.9167,-52.2667,29.2,70,35,4.1,GF,1699798443
87,betio village,1.358,172.9211,28.02,88,100,9.33,KI,1699798443
88,baikonur,45.6167,63.3167,6.5,62,29,4.05,KZ,1699798443
89,badger,64.8,-147.5333,-8.07,79,100,0.0,US,1699798444
90,puerto natales,-51.7236,-72.4875,11.25,46,75,6.69,CL,1699798449
91,ta`u,-14.2336,-169.5144,27.22,82,64,5.57,AS,1699798451
92,bredasdorp,-34.5322,20.0403,20.97,45,0,6.43,ZA,1699798452
93,gunnison,38.7,-107.0673,-6.72,59,0,1.39,US,1699798454
94,enewetak,11.3474,162.3373,26.84,87,100,9.97,MH,1699798455
95,illizi,26.4833,8.4667,27.07,18,0,2.78,DZ,1699798456
96,ilulissat,69.2167,-51.1,-8.99,62,75,0.0,GL,1699798456
97,st. john's,47.5649,-52.7093,2.21,89,100,7.2,CA,1699798457
98,baihe,22.15,107.2333,17.7,85,100,3.21,CN,1699798457
99,wichita falls,33.9137,-98.4934,10.7,81,0,2.24,US,1699798348
100,viana do castelo,41.6932,-8.8329,18.36,91,49,4.13,PT,1699798193
101,alice springs,-23.7,133.8833,27.75,28,40,3.09,AU,1699798207
102,port alfred,-33.5906,26.891,20.66,69,8,3.58,ZA,1699798232
103,huancabamba,-5.2386,-79.4506,22.01,63,10,1.9,PE,1699798459
104,malabar,-33.9667,151.25,20.07,76,75,10.29,AU,1699798463
105,longyearbyen,78.2186,15.6401,-4.09,86,75,3.09,SJ,1699798467
106,namibe,-15.1961,12.1522,25.46,61,12,5.32,AO,1699798467
107,hasaki,35.7333,140.8333,10.16,82,97,8.5,JP,1699798467
108,suntar,62.1444,117.6319,-14.14,97,96,1.87,RU,1699798468
109,new norfolk,-42.7826,147.0587,9.84,86,100,1.69,AU,1699798468
110,miles city,46.4083,-105.8406,0.54,74,0,2.57,US,1699798468
111,arraial do cabo,-22.9661,-42.0278,31.92,55,0,5.14,BR,1699798470
112,isafjordur,66.0755,-23.124,2.02,69,0,0.0,IS,1699798471
113,vilyuchinsk,52.9306,158.4028,-2.26,91,92,2.63,RU,1699798347
114,puerto gaitan,4.3133,-72.0816,28.17,74,28,3.55,CO,1699798472
115,khandyga,62.6667,135.6,-21.95,98,100,1.37,RU,1699798472
116,sesheke,-17.4759,24.2968,37.95,12,19,3.1,ZM,1699798473
117,tazovsky,67.4667,78.7,-4.29,96,100,4.5,RU,1699798473
118,carnarvon,-24.8667,113.6333,21.29,78,8,5.76,AU,1699798474
119,ushuaia,-54.8,-68.3,6.81,61,0,2.57,AR,1699798474
120,cabo san lucas,22.8909,-109.9124,24.73,73,6,0.89,MX,1699798229
121,papatowai,-46.5619,169.4708,11.08,82,100,2.52,NZ,1699798476
122,kodiak,57.79,-152.4072,1.73,55,0,4.63,US,1699798477
123,hithadhoo,-0.6,73.0833,27.79,79,22,3.23,MV,1699798479
124,erenhot,43.6475,111.9767,-5.87,43,0,3.22,CN,1699798479
125,letychiv,49.3826,27.6305,5.71,89,100,7.81,UA,1699798480
126,skovorodino,53.9833,123.9167,-9.17,70,45,1.46,RU,1699798480
127,kardla,58.9978,22.7492,5.99,93,100,2.06,EE,1699798481
128,kone,-21.0595,164.8658,19.19,78,5,2.2,NC,1699798482
129,swakopmund,-22.6833,14.5333,17.5,73,70,5.37,NA,1699798484
130,igarka,67.4667,86.5833,-0.34,98,100,7.79,RU,1699798485
131,whakatane,-37.9585,176.9854,11.54,86,0,2.35,NZ,1699798485
132,port mathurin,-19.6833,63.4167,25.56,76,84,2.03,MU,1699798486
133,flin flon,54.7682,-101.865,0.91,93,100,3.6,CA,1699798487
134,souillac,-20.5167,57.5167,25.21,78,75,3.6,MU,1699798487
135,fort bragg,35.139,-79.006,11.57,83,100,4.63,US,1699798487
136,eyl,7.9803,49.8164,28.36,75,22,8.29,SO,1699798487
137,smithers,54.7804,-127.1743,-3.82,100,0,1.54,CA,1699798489
138,verkhnevilyuysk,63.4453,120.3167,-15.96,96,64,3.0,RU,1699798494
139,ola,59.5833,151.2833,-11.01,70,100,4.7,RU,1699798494
140,wailea,19.8858,-155.123,22.65,92,100,4.63,US,1699798495
141,la passe,45.5549,-0.8967,17.13,89,100,8.28,FR,1699798495
142,tianpeng,30.9866,103.9393,9.8,84,100,0.35,CN,1699798496
143,hillsboro,45.5229,-122.9898,9.74,89,100,0.89,US,1699798450
144,rongelap,11.1635,166.8941,27.22,81,100,10.44,MH,1699798496
145,coquimbo,-29.9533,-71.3436,16.91,69,1,4.17,CL,1699798214
146,cidreira,-30.1811,-50.2056,21.57,97,100,1.26,BR,1699798497
147,trairi,-3.2778,-39.2689,31.48,48,5,7.23,BR,1699798497
148,nuku'alofa,-21.1333,-175.2,22.19,83,40,6.17,TO,1699798498
149,piti village,13.4626,144.6933,28.49,87,20,5.14,GU,1699798498
150,christchurch,-43.5333,172.6333,13.3,76,83,1.54,NZ,1699798499
151,anadyr,64.75,177.4833,1.28,100,40,8.0,RU,1699798500
152,anna regina,7.2644,-58.5077,29.38,71,48,5.59,GY,1699798501
153,levuka,50.1834,-105.4011,1.84,61,0,7.36,CA,1699798501
154,quelimane,-17.8786,36.8883,29.97,66,20,6.17,MZ,1699798502
155,dunedin,-45.8742,170.5036,12.62,70,68,3.29,NZ,1699798292
156,valparaiso,-33.0393,-71.6273,16.38,73,100,3.6,CL,1699798504
157,petropavlovsk-kamchatsky,53.0452,158.6483,-3.08,74,75,12.52,RU,1699798505
158,bama,11.5221,13.6856,37.3,13,7,4.51,NG,1699798506
159,opuwo,-18.0607,13.84,34.83,15,100,5.03,NA,1699798507
160,colonia,50.9333,6.95,11.01,75,0,2.57,DE,1699798293
161,clorinda,-25.2848,-57.7185,37.09,28,34,5.84,AR,1699798263
162,saint-philippe,-21.3585,55.7679,23.77,81,83,4.45,RE,1699798514
163,tromso,69.6496,18.957,-0.99,59,0,6.17,NO,1699798515
164,boende,-0.2167,20.8667,23.75,97,98,1.72,CD,1699798515
165,viedma,-40.8135,-62.9967,14.44,26,1,10.53,AR,1699798516
166,island harbour,50.724,-1.2758,13.04,88,100,4.02,GB,1699798516
167,broken hill,-31.95,141.4333,18.48,25,13,8.34,AU,1699798516
168,saint-joseph,-21.3667,55.6167,25.26,81,65,4.35,RE,1699798517
169,happy valley-goose bay,53.3168,-60.3315,-3.83,68,75,6.17,CA,1699798510
170,talnakh,69.4865,88.3972,-3.77,95,100,5.77,RU,1699798517
171,adam,22.3756,57.5233,29.06,15,100,3.14,OM,1699798518
172,kapuskasing,49.4169,-82.4331,-0.95,80,40,6.17,CA,1699798518
173,beloyarskiy,63.7119,66.6722,-3.33,95,100,2.68,RU,1699798520
174,kavaratti,10.5669,72.642,28.13,74,100,2.82,IN,1699798521
175,mananjary,-21.2167,48.3333,24.5,64,20,3.08,MG,1699798522
176,chernyshevskiy,63.0128,112.4714,-15.66,98,99,0.57,RU,1699798522
177,azrou,33.4344,-5.2213,23.33,23,95,3.3,MA,1699798522
178,cockburn town,21.4612,-71.1419,28.24,77,5,8.58,TC,1699798523
179,ar rutbah,33.0381,40.2848,24.71,27,100,2.96,IQ,1699798523
180,kaduy,59.2,37.15,3.33,85,100,5.77,RU,1699798523
181,iwon-up,40.3231,128.6553,1.1,44,0,3.49,KP,1699798524
182,constantia,44.1833,28.65,13.38,34,1,11.21,RO,1699798525
183,floro,61.5996,5.0328,6.98,53,0,2.06,NO,1699798525
184,kiunga,-6.1219,141.2906,23.3,79,33,1.63,PG,1699798526
185,orapa,-21.2833,25.3667,37.39,12,30,3.44,BW,1699798527
186,saint-pierre,-21.3393,55.4781,25.32,69,75,6.69,RE,1699798530
187,la paz,-16.5,-68.15,14.21,57,75,3.6,BO,1699798531
188,cambria,35.5641,-121.0808,12.25,63,18,1.34,US,1699798533
189,hawaiian paradise park,19.5933,-154.9731,21.69,90,100,4.63,US,1699798533
190,ganganagar,29.9167,73.8833,22.49,31,0,0.74,IN,1699798533
191,nagqu,31.5,92.0,-7.64,35,0,1.06,CN,1699798534
192,quellon,-43.1167,-73.6167,9.43,57,22,3.47,CL,1699798534
193,lieksa,63.3167,30.0167,-1.44,84,97,7.6,FI,1699798534
194,banda aceh,5.5577,95.3222,26.94,83,100,3.39,ID,1699798535
195,whitehorse,60.7161,-135.0538,-1.57,92,100,1.03,CA,1699798526
196,jidong,45.2167,131.0833,-14.44,89,11,3.95,CN,1699798535
197,imishli,39.8709,48.06,14.47,45,27,1.5,AZ,1699798536
198,planeta rica,8.4147,-75.5883,26.81,89,100,1.88,CO,1699798536
199,puerto baquerizo moreno,-0.9,-89.6,25.55,78,40,5.14,EC,1699798348
200,inhambane,-23.865,35.3833,27.99,69,0,7.2,MZ,1699798542
201,ruscova,47.7883,24.2808,4.03,98,100,1.85,RO,1699798542
202,north bend,43.4065,-124.2243,11.03,93,100,3.6,US,1699798543
203,keflavik,64.0049,-22.5624,5.24,75,75,7.2,IS,1699798543
204,lihue,21.9789,-159.3672,24.77,82,75,6.17,US,1699798544
205,carutapera,-1.195,-46.02,31.49,52,20,3.97,BR,1699798547
206,mont-dore,-22.2833,166.5833,18.99,80,22,4.49,NC,1699798432
207,haiku-pauwela,20.9219,-156.3051,23.91,72,40,4.02,US,1699798552
208,tidjikja,18.5564,-11.4271,33.08,8,39,3.05,MR,1699798552
209,el granada,37.5027,-122.4694,15.15,81,20,0.89,US,1699798553
210,ulladulla,-35.35,150.4667,16.54,78,100,4.23,AU,1699798553
211,plainview,40.7765,-73.4673,5.7,66,0,4.12,US,1699798553
212,mejit,10.2753,170.8646,27.63,80,70,10.75,MH,1699798554
213,atafu village,-8.5421,-172.5159,28.53,74,97,1.38,TK,1699798554
214,sefaatli,39.5043,34.7563,19.52,31,100,5.86,TR,1699798554
215,lorengau,-2.0226,147.2712,26.83,78,100,1.79,PG,1699798555
216,timberlake,37.3207,-79.2575,9.84,75,0,3.6,US,1699798555
217,boden,65.8252,21.6886,-7.0,97,78,2.57,SE,1699798555
218,ko samui,9.5357,99.9357,28.95,84,75,3.6,TH,1699798555
219,lensk,60.7253,114.9278,-9.47,89,90,3.4,RU,1699798556
220,kogalym,62.2654,74.4791,-0.12,98,100,4.09,RU,1699798556
221,ghat,24.9647,10.1728,27.21,16,0,4.03,LY,1699798556
222,nabire,-3.3667,135.4833,25.76,87,95,1.76,ID,1699798557
223,magistral'nyy,56.1725,107.4458,-10.91,91,10,1.04,RU,1699798557
224,la'ie,21.6477,-157.9253,24.98,77,32,3.58,US,1699798559
225,saint-francois,46.4154,3.9054,14.69,73,75,5.66,FR,1699798564
226,vilaka,57.1846,27.6722,3.27,96,100,3.61,LV,1699798566
227,bengkulu,-3.8004,102.2655,24.72,92,100,2.27,ID,1699798567
228,rakops,-21.0167,24.3333,37.42,13,20,4.07,BW,1699798570
229,mitu,1.1983,-70.1733,30.08,61,30,1.24,CO,1699798571
230,jinhua,29.1078,119.6547,9.43,87,100,2.02,CN,1699798571
231,hilo,19.7297,-155.09,22.93,92,100,4.63,US,1699798469
232,karaton,-6.3424,106.1045,24.44,92,68,0.46,ID,1699798573
233,ancud,-41.8697,-73.8203,9.6,51,28,4.61,CL,1699798573
234,skiathos,39.1623,23.4909,20.54,59,100,3.66,GR,1699798573
235,moyobamba,-6.05,-76.9667,26.71,66,15,0.59,PE,1699798574
236,yuzhno-kurilsk,44.0306,145.8556,2.43,80,62,4.27,RU,1699798574
237,kamen'-rybolov,44.7481,132.0403,-9.46,78,4,3.51,RU,1699798575
238,villaflores,41.084,-5.2344,16.95,66,97,7.45,ES,1699798575
239,haderslev,55.2538,9.4898,7.94,93,75,1.54,DK,1699798577
240,usogorsk,63.4106,48.6872,-6.3,97,36,2.21,RU,1699798578
241,embi,48.8264,58.1442,5.16,72,18,1.45,KZ,1699798579
242,callao,-12.0667,-77.15,23.18,77,100,2.57,PE,1699798489
243,dhuusamarreeb,5.535,46.3861,31.78,46,76,5.51,SO,1699798581
244,east london,-33.0153,27.9116,20.52,64,20,10.29,ZA,1699798582
245,al kharijah,25.4514,30.5464,32.46,26,98,3.2,EG,1699798584
246,freeport,40.6576,-73.5832,5.98,64,0,4.12,US,1699798560
247,bikenibeu village,1.3673,173.1241,27.98,89,75,2.06,KI,1699798586
248,angaur state,6.906,134.13,29.0,73,100,4.09,PW,1699798586
249,kangaba,11.9333,-8.4167,38.3,11,11,4.22,ML,1699798587
250,kemijarvi,66.7131,27.4306,-8.39,99,100,2.29,FI,1699798587
251,juye,35.3947,116.0883,2.77,44,63,2.59,CN,1699798587
252,guangyuan,32.442,105.823,7.31,81,100,2.48,CN,1699798588
253,galt,38.2546,-121.3,13.9,87,100,1.86,US,1699798588
254,sarikei,2.1167,111.5167,24.52,95,98,0.51,MY,1699798588
255,klyuchi,52.2667,79.1667,6.62,83,100,4.96,RU,1699798589
256,saldanha,-33.0117,17.9442,23.03,68,0,9.18,ZA,1699798589
257,pitimbu,-7.4706,-34.8086,31.33,55,7,5.45,BR,1699798590
258,guerrero negro,27.9769,-114.0611,15.13,49,0,0.74,MX,1699798300
259,mermoz boabab,14.7065,-17.4758,37.31,42,5,4.12,SN,1699798593
260,ingeniero jacobacci,-41.3427,-69.5448,6.81,31,9,8.9,AR,1699798593
261,gonzaga,44.9498,10.8209,14.97,74,99,0.33,IT,1699798594
262,kapa'a,22.0752,-159.319,25.18,87,75,6.17,US,1699798594
263,zabol,32.25,67.25,10.48,37,0,5.96,AF,1699798595
264,umarkot,25.3616,69.7362,26.82,16,5,3.07,PK,1699798595
265,kolonia town,6.964,158.206,26.0,89,100,1.54,FM,1699798596
266,arboletes,8.8505,-76.4269,25.96,92,100,5.91,CO,1699798596
267,ust'-charyshskaya pristan',52.3934,83.6635,3.6,92,100,2.97,RU,1699798596
268,wynyard,-41.0,145.7167,8.13,72,100,3.32,AU,1699798596
269,bonny,4.4522,7.1681,28.59,73,34,4.79,NG,1699798597
270,zhizdra,53.746,34.7395,8.72,89,100,7.3,RU,1699798597
271,nikolayevsk-on-amure,53.1406,140.73,-7.41,91,100,5.41,RU,1699798597
272,minas de marcona,-15.2119,-75.1103,16.21,84,86,5.71,PE,1699798598
273,luis correia,-2.8792,-41.6669,33.0,49,20,10.29,BR,1699798598
274,bosaso,11.2842,49.1816,27.99,75,34,5.14,SO,1699798600
275,taoudenni,22.6783,-3.9836,36.09,10,0,4.98,ML,1699798601
276,harbin,45.75,126.65,-11.03,86,35,3.73,CN,1699798601
277,kingston,17.997,-76.7936,25.67,61,26,0.4,JM,1699798321
278,chadron,42.8294,-102.9999,5.82,43,0,5.14,US,1699798602
279,antsiranana,-12.2787,49.2917,27.36,75,99,7.48,MG,1699798603
280,janze,47.9591,-1.4983,14.72,91,100,5.6,FR,1699798603
281,bodaybo,57.8506,114.1933,-20.77,97,21,0.73,RU,1699798603
282,naze,28.3667,129.4833,16.51,67,100,7.25,JP,1699798603
283,port saint john's,-31.6229,29.5448,21.04,66,52,8.46,ZA,1699798604
284,portland,45.5234,-122.6762,10.11,94,100,2.68,US,1699797841
285,harper,4.375,-7.7169,27.71,78,45,3.59,LR,1699798607
286,chonchi,-42.6128,-73.8092,11.18,57,54,2.68,CL,1699798609
287,male,4.1748,73.5089,27.97,83,75,2.06,MV,1699798585
288,vila franca do campo,37.7167,-25.4333,20.23,93,100,8.53,PT,1699798612
289,nizhnesortymskiy,62.4397,71.7603,-4.93,94,81,4.12,RU,1699798613
290,shakhtinsk,49.71,72.5872,1.86,98,100,5.1,KZ,1699798613
291,el calafate,-50.3408,-72.2768,5.18,55,3,3.69,AR,1699798613
292,weno,7.4515,151.8468,26.97,94,100,1.54,FM,1699798614
293,kodinar,20.7903,70.7031,27.59,46,54,0.98,IN,1699798614
294,piacabucu,-10.4056,-36.4344,29.42,55,42,6.02,BR,1699798614
295,lebu,-37.6167,-73.65,10.5,57,2,6.28,CL,1699798614
296,khandud,36.9513,72.318,-2.19,62,0,0.97,AF,1699798615
297,robore,-18.3333,-59.75,39.16,26,8,6.9,BO,1699798616
298,san-pedro,4.7485,-6.6363,28.3,75,52,3.7,CI,1699798380
299,acarau,-2.8856,-40.12,31.61,51,4,8.16,BR,1699798618
300,geraldton,-28.7667,114.6,23.23,60,100,4.12,AU,1699798619
301,metlili chaamba,32.2667,3.6333,26.52,13,0,4.63,DZ,1699798620
302,luderitz,-26.6481,15.1594,26.96,39,0,15.26,NA,1699798621
303,shihezi,44.3,86.0333,4.93,70,90,1.23,CN,1699798621
304,san lorenzo de esmeraldas,1.2883,-78.8369,26.18,87,91,2.01,EC,1699798621
305,elko,41.0002,-115.5012,-6.99,45,81,2.29,US,1699798622
306,mariental,-24.6333,17.9667,34.88,12,3,3.78,NA,1699798622
307,nerk'in getashen,40.1405,45.279,10.41,54,65,4.0,AM,1699798622
308,kirakira,-10.4544,161.9205,25.49,87,100,3.43,SB,1699798623
309,rikaze,29.25,88.8833,3.31,21,3,0.48,CN,1699798623
310,lompoc,34.6391,-120.4579,14.77,70,0,3.09,US,1699798624
311,kluang,2.0251,103.3328,24.58,94,68,1.07,MY,1699798625
312,charters towers,-20.1,146.2667,20.22,74,0,3.89,AU,1699798626
313,khovd,48.0056,91.6419,-6.13,94,69,0.73,MN,1699798627
314,askoy,60.4092,5.226,6.16,61,0,0.0,NO,1699798627
315,hadibu,12.65,54.0333,27.28,82,55,6.47,YE,1699798627
316,pagar alam,-4.0167,103.2667,21.0,97,83,0.89,ID,1699798638
317,uturoa,-16.7333,-151.4333,26.93,81,91,3.62,PF,1699798644
318,san patricio,28.017,-97.5169,16.02,93,100,3.6,US,1699798645
319,parry sound,45.3501,-80.033,-0.97,80,55,2.17,CA,1699798645
320,noosa heads,-26.3833,153.15,21.17,70,45,4.24,AU,1699798449
321,yigo village,13.5361,144.8886,27.62,86,40,7.2,GU,1699798646
322,rio grande,-32.035,-52.0986,20.06,83,100,1.98,BR,1699798610
323,leribe,-28.8718,28.045,27.92,11,0,7.33,LS,1699798646
324,kindu,-2.95,25.95,25.41,84,90,1.68,CD,1699798647
325,jamestown,42.097,-79.2353,4.2,82,75,2.57,US,1699798484
326,grand falls-windsor,48.9332,-55.6649,-0.83,76,41,1.34,CA,1699798647
327,tsiombe,-25.3,45.4833,28.98,42,0,6.11,MG,1699798648
328,newman,37.3138,-121.0208,6.83,68,99,1.25,US,1699798648
329,pingliang,35.5392,106.6861,0.78,44,100,1.69,CN,1699798649
330,ulsteinvik,62.3432,5.8487,6.84,65,0,0.89,NO,1699798649
331,codrington,-38.2667,141.9667,10.1,87,34,2.95,AU,1699798650
332,vyyezdnoye,55.3815,43.7864,5.14,84,100,8.4,RU,1699798650
333,scottburgh,-30.2867,30.7532,20.62,72,99,8.79,ZA,1699798654
334,glendive,47.1053,-104.7125,5.42,60,0,8.23,US,1699798657
335,sabang,5.8933,95.3214,27.65,78,99,4.22,ID,1699798658
336,bryne,58.7354,5.6477,6.55,76,40,1.03,NO,1699798659
337,adrar,20.5022,-10.0711,31.27,8,24,3.93,MR,1699798659
338,carbonear,47.7332,-53.2148,2.46,86,100,6.29,CA,1699798659
339,lisala,2.15,21.5167,22.32,99,99,1.43,CD,1699798660
340,pisco,-13.7,-76.2167,21.12,83,0,3.6,PE,1699798660
341,ardakan,32.31,54.0175,20.37,24,15,2.95,IR,1699798660
342,liwale,-9.7667,37.9333,27.43,61,98,2.79,TZ,1699798661
343,maracaibo,10.6317,-71.6406,29.3,77,99,2.62,VE,1699798511
344,tumayr,25.7039,45.868,26.43,21,73,2.91,SA,1699798661
345,athens,37.9795,23.7162,22.31,52,20,1.54,GR,1699798497
346,orsa,54.5153,30.4053,1.71,97,100,5.59,BY,1699798662
347,axim,4.8699,-2.2405,29.22,72,41,3.46,GH,1699798603
348,el porvenir,13.7617,-87.3458,24.63,76,84,2.76,HN,1699798662
349,tamanrasset,22.785,5.5228,27.95,9,0,4.12,DZ,1699798663
350,chervona sloboda,49.3789,32.1464,8.5,85,100,8.81,UA,1699798663
351,zardob,40.2183,47.7083,18.14,45,44,3.05,AZ,1699798663
352,barra da estiva,-13.6261,-41.3269,29.48,30,21,4.2,BR,1699798664
353,kavieng,-2.5744,150.7967,27.25,73,98,1.66,PG,1699798664
354,kaisiadorys,54.8667,24.45,6.94,82,100,4.83,LT,1699798664
355,lazaro cardenas,17.9583,-102.2,25.72,81,26,2.09,MX,1699798665
356,chinchilla,-26.75,150.6333,20.27,68,71,6.89,AU,1699798665
357,djenne,13.9061,-4.5533,38.88,6,78,5.41,ML,1699798665
358,pandan,14.0453,124.1694,27.23,85,100,4.26,PH,1699798666
359,taltal,-25.4,-70.4833,19.34,64,10,2.71,CL,1699798666
360,praia da vitoria,38.7333,-27.0667,22.14,64,40,13.24,PT,1699798666
361,vorgashor,67.5833,63.95,-8.94,96,97,3.68,RU,1699798556
362,bodo,67.28,14.405,0.02,60,0,12.35,NO,1699798667
363,inarajan village,13.2736,144.7484,28.54,92,45,7.42,GU,1699798667
364,polyarnyy,69.1989,33.4478,-7.72,99,92,3.89,RU,1699798668
365,alofi,-19.0595,-169.9187,21.94,94,100,7.72,NU,1699798668
366,bikin,46.8161,134.26,-13.32,96,74,2.09,RU,1699798668
367,beebe,35.0706,-91.8796,10.01,67,7,3.02,US,1699798669
368,trelew,-43.249,-65.3051,13.78,24,6,11.82,AR,1699798669
369,pokaran,26.9167,71.9167,25.01,25,6,2.93,IN,1699798669
370,shakawe,-18.3667,21.85,39.32,11,55,1.63,BW,1699798670
371,karachi,24.9056,67.0822,25.9,44,20,2.06,PK,1699798670
372,ceeldheer,3.8488,47.1806,28.81,72,33,5.25,SO,1699798649
373,grand-bourg,15.8835,-61.3148,30.11,77,39,10.34,GP,1699798671
374,nantucket,41.2835,-70.0995,7.06,63,0,3.6,US,1699798671
375,issia,6.4922,-6.5856,33.58,46,17,1.77,CI,1699798671
376,barretos,-20.5572,-48.5678,37.32,18,2,2.82,BR,1699798672
377,crane,31.3974,-102.3501,12.67,83,100,2.25,US,1699798672
378,avellaneda,-29.1176,-59.6583,35.29,44,2,4.06,AR,1699798673
379,buka,40.8108,69.1986,10.94,50,0,3.03,UZ,1699798673
380,shaydon,40.6747,70.346,9.85,46,2,1.93,TJ,1699798673
381,oltinko'l,40.8011,72.1634,13.09,48,3,0.89,UZ,1699798674
382,orchard homes,46.8633,-114.0484,3.8,83,40,3.13,US,1699798583
383,lapai,9.05,6.5667,36.73,26,18,1.48,NG,1699798674
384,belyy yar,53.6039,91.3903,-11.06,85,83,3.0,RU,1699798674
385,dalandzadgad,43.5708,104.425,-1.69,20,100,1.66,MN,1699798615
386,turpan,42.9333,89.1667,9.59,26,100,0.46,CN,1699798675
387,peniche,39.3558,-9.3811,21.27,86,88,5.33,PT,1699798675
388,porto novo,6.4965,2.6036,31.9,67,12,4.71,BJ,1699798676
389,skowhegan,44.7651,-69.7192,1.43,74,3,2.82,US,1699798676
390,la ronge,55.1001,-105.2842,-0.86,86,100,3.6,CA,1699798676
391,misratah,32.3754,15.0925,23.13,53,5,4.18,LY,1699798531
392,maun,-19.9833,23.4167,38.92,11,26,2.68,BW,1699798423
393,jayapura,-2.5333,140.7,24.66,91,99,2.6,ID,1699798677
394,kamloops,50.6665,-120.3192,1.55,69,40,1.03,CA,1699798677
395,brokopondo,4.75,-55.1667,29.69,62,22,2.19,SR,1699798678
396,bali chak,22.3667,87.55,24.24,53,1,2.92,IN,1699798678
397,bam,29.106,58.357,21.68,26,91,2.67,IR,1699798679
398,leeton,-34.5667,146.4,16.05,47,0,5.46,AU,1699798679
399,malgrat de mar,41.6466,2.7414,21.77,72,99,3.13,ES,1699798679
400,mo i rana,66.3128,14.1428,-1.74,59,24,3.6,NO,1699798680
401,kuacjok,8.3002,27.9903,35.01,33,44,2.68,SS,1699798680
402,the pas,53.8251,-101.2541,0.01,100,100,5.66,CA,1699798680
403,kijang,35.2442,129.2139,1.85,47,0,3.37,KR,1699798642
404,sinabang,2.4803,96.3801,26.6,84,99,2.78,ID,1699798683
405,knysna,-34.0363,23.0471,19.01,57,16,3.9,ZA,1699798685
406,sakaiminato,35.55,133.2333,8.99,93,75,4.63,JP,1699798685
407,deva,45.8833,22.9,8.32,64,25,3.0,RO,1699798685
408,queenstown,-31.8976,26.8753,22.3,30,1,6.91,ZA,1699798515
409,fort mcmurray,56.7268,-111.381,-3.23,93,0,3.09,CA,1699798503
410,awka,6.2101,7.0741,31.2,62,99,1.04,NG,1699798687
411,port said,31.2565,32.2841,24.93,76,89,4.38,EG,1699798688
412,birjand,32.8663,59.2211,18.26,19,0,2.06,IR,1699798617
413,awjilah,29.1081,21.2869,28.37,22,0,2.87,LY,1699798688
414,chacabuco,-34.6417,-60.4739,19.9,32,0,7.48,AR,1699798689
415,phan rang-thap cham,11.5667,108.9833,25.07,87,15,2.89,VN,1699798690
416,westport,41.1415,-73.3579,5.51,65,0,5.14,US,1699798678
417,oban,56.4127,-5.4706,8.95,61,20,5.14,GB,1699798696
418,bilgoraj,50.5411,22.722,6.72,75,99,5.55,PL,1699798697
419,manhattan,40.7834,-73.9662,5.82,60,0,5.66,US,1699798703
420,ugoofaaru,5.6667,73.0,27.11,80,100,5.59,MV,1699798708
421,beau vallon,-20.4189,57.6953,25.68,78,75,3.6,MU,1699798710
422,kirsanov,52.6549,42.7224,7.29,89,100,10.83,RU,1699798710
423,iskateley,67.6803,53.1512,-8.32,94,18,2.68,RU,1699798711
424,dakhla,23.6848,-15.958,23.01,68,0,7.72,EH,1699798711
425,tete,-16.1564,33.5867,39.05,29,40,4.12,MZ,1699798712
426,kudat,6.8837,116.8477,25.96,94,84,0.51,MY,1699798713
427,salalah,17.0151,54.0924,28.05,74,0,2.57,OM,1699798714
428,buraydah,26.326,43.975,29.25,23,100,1.78,SA,1699798714
429,qutqashen,40.9814,47.8458,11.11,58,64,0.95,AZ,1699798715
430,bubaque,11.2833,-15.8333,28.37,58,4,1.05,GW,1699798715
431,riohacha,11.5444,-72.9072,28.74,83,100,7.54,CO,1699798489
432,doka,13.5167,35.7667,34.24,27,24,1.77,SD,1699798716
433,severo-yeniseyskiy,60.3725,93.0408,-4.12,98,100,0.89,RU,1699798716
434,kabinda,-6.1333,24.4833,21.96,91,100,2.67,CD,1699798717
435,al bawiti,28.3492,28.8659,28.79,32,5,4.25,EG,1699798717
436,aykhal,66.0,111.5,-17.04,96,94,1.49,RU,1699798717
437,karungdong,5.8844,121.263,27.42,80,32,0.72,PH,1699798718
438,mount gambier,-37.8333,140.7667,7.67,94,3,1.67,AU,1699798718
439,usinsk,65.9939,57.5281,-9.96,96,89,3.13,RU,1699798719
440,aginskoye,51.1,114.53,-10.91,88,9,2.2,RU,1699798720
441,portoferraio,42.8115,10.3146,16.72,93,75,4.12,IT,1699798720
442,nogliki,51.8333,143.1667,-8.14,61,100,7.15,RU,1699798720
443,qarqaraly,49.4058,75.4742,1.08,84,100,5.05,KZ,1699798721
444,bamboo flat,11.7,92.7167,25.05,94,75,2.57,IN,1699798721
445,starokozache,46.3372,29.9853,8.95,69,100,7.25,UA,1699798721
446,ketchikan,55.3422,-131.6461,5.99,93,75,0.0,US,1699798722
447,danghara,38.0958,69.34,12.12,36,0,0.53,TJ,1699798722
448,shatsk,54.0258,41.7119,4.81,88,100,9.26,RU,1699798723
449,whangarei,-35.7317,174.3239,7.7,97,14,1.17,NZ,1699798723
450,vilhena,-12.7406,-60.1458,35.39,31,64,3.29,BR,1699798723
451,starokorsunskaya,45.0573,39.3161,16.05,77,40,7.0,RU,1699798723
452,dubreka,9.7911,-13.5233,33.53,52,81,1.0,GN,1699798724
453,karratha,-20.7377,116.8463,24.01,62,0,7.15,AU,1699798724
454,palmer,42.1584,-72.3287,2.37,66,0,3.09,US,1699798581
455,altamira,-3.2033,-52.2064,33.7,45,30,2.74,BR,1699798725
456,hagere hiywet,8.9833,37.85,20.79,57,95,3.18,ET,1699798725
457,oppdal,62.5943,9.6912,-4.96,87,51,3.61,NO,1699798725
458,mercedes,-34.6515,-59.4307,22.7,42,0,7.79,AR,1699798726
459,collie,-33.3667,116.15,15.56,71,96,5.82,AU,1699798726
460,eagle pass,28.7091,-100.4995,15.15,94,100,0.0,US,1699798726
461,salinopolis,-0.6136,-47.3561,29.98,60,39,4.92,BR,1699798727
462,port macquarie,-31.4333,152.9167,17.72,94,68,1.98,AU,1699798727
463,tyukhtet,56.5389,89.3011,-3.35,93,100,1.92,RU,1699798728
464,arkhipo-osipovka,44.37,38.52,14.8,90,100,3.35,RU,1699798728
465,oranjemund,-28.55,16.4333,18.75,64,3,12.55,NA,1699798729
466,afaahiti,-17.75,-149.2833,24.93,82,89,2.16,PF,1699798729
467,ajdabiya,30.7554,20.2263,25.46,35,5,5.02,LY,1699798734
468,ouesso,1.6136,16.0517,26.17,84,83,0.56,CG,1699798740
469,coshocton,40.272,-81.8596,4.51,81,95,2.9,US,1699798741
470,talcahuano,-36.7167,-73.1167,11.82,50,0,6.17,CL,1699798742
471,karlskrona,56.1616,15.5866,7.25,84,65,2.61,SE,1699798742
472,burela de cabo,43.65,-7.4,20.65,70,100,6.21,ES,1699798742
473,kushiro,42.975,144.3747,1.39,61,3,5.58,JP,1699798743
474,kayangel,8.0823,134.7173,28.59,77,100,4.25,PW,1699798745
475,concordia,-31.393,-58.0209,21.55,94,100,5.36,AR,1699798746
476,calvinia,-31.4707,19.776,25.02,15,2,5.9,ZA,1699798746
477,gargalianoi,37.0667,21.6333,20.75,63,83,2.6,GR,1699798747
478,sungai penuh,-2.0833,101.3833,19.49,98,79,0.37,ID,1699798749
479,prachuap khiri khan,12.2167,99.75,27.05,94,100,1.51,TH,1699798754
480,alanya,36.5438,31.9998,25.07,64,5,1.37,TR,1699798756
481,lincheng,19.9078,109.6858,24.42,86,94,9.14,CN,1699798757
482,caibarien,22.5206,-79.4669,26.62,82,36,8.13,CU,1699798557
483,n'zeto,-7.2312,12.8666,27.91,74,88,3.1,AO,1699798758
484,nicoya,10.1483,-85.452,27.16,82,79,1.2,CR,1699798758
485,isla mujeres,21.2311,-86.731,28.03,79,99,6.0,MX,1699798759
486,bonthe,7.5264,-12.505,30.84,64,97,3.14,SL,1699798760
487,teguise,29.0605,-13.564,20.12,88,20,8.75,ES,1699798729
488,tsetserleg,47.475,101.4542,-12.81,77,99,2.52,MN,1699798760
489,vernon,50.2581,-119.2691,3.74,60,100,3.09,CA,1699798546
490,pampa,35.5362,-100.9599,6.53,93,0,4.12,US,1699798761
491,ibshaway,29.358,30.6814,29.56,39,33,3.08,EG,1699798761
492,sirsa,29.5333,75.0167,21.97,33,1,2.54,IN,1699798762
493,forster,-32.1667,152.5167,22.38,85,27,9.06,AU,1699798762
494,la junta,37.985,-103.5438,-0.84,51,0,5.66,US,1699798562
495,mili,6.0815,171.735,28.37,80,100,7.28,MH,1699798763
496,machico,32.7,-16.7667,23.89,75,40,3.6,PT,1699798763
497,manghit,42.1156,60.0597,7.99,39,15,3.38,UZ,1699798763
498,kununurra,-15.7667,128.7333,26.99,89,93,2.57,AU,1699798647
499,upper grand lagoon,30.1633,-85.7408,15.59,94,100,4.63,US,1699798764
500,eno,62.8051,30.1542,0.16,79,100,6.16,FI,1699798764
501,kuching,1.55,110.3333,27.24,89,40,2.06,MY,1699798765
502,arys,42.4252,68.795,8.47,47,0,2.06,KZ,1699798765
503,cabedelo,-6.9811,-34.8339,31.37,59,48,6.64,BR,1699798765
504,stornoway,58.2093,-6.3865,7.24,76,20,2.06,GB,1699798766
505,borogontsy,62.6683,131.1683,-26.5,100,91,1.11,RU,1699798766
506,goundi,9.3627,17.366,31.78,48,81,0.62,TD,1699798768
507,lander,42.833,-108.7307,1.45,54,0,0.0,US,1699798769
508,motygino,58.1831,94.7592,-12.9,96,23,0.45,RU,1699798770
509,kirkwall,58.9848,-2.9587,9.03,81,75,2.06,GB,1699798770
510,kinel',53.2333,50.65,3.37,80,100,4.98,RU,1699798771
511,san fernando del valle de catamarca,-28.4696,-65.7852,32.1,45,43,4.02,AR,1699798772
512,ondjiva,-17.0667,15.7333,27.98,40,85,6.13,AO,1699798773
513,arroyo,41.6096,-4.7969,17.9,63,20,7.72,ES,1699798773
514,gagra,43.3283,40.2239,18.51,66,100,2.6,GE,1699798774
515,clinton,42.587,-82.9199,5.69,84,90,1.34,US,1699798535
516,yarmouth,41.7057,-70.2286,7.03,67,75,4.47,US,1699798636
517,guarapari,-20.6667,-40.4975,34.94,52,89,4.91,BR,1699798681
518,mantua,45.1667,10.7833,14.43,74,100,1.79,IT,1699798775
519,kill devil hills,36.0307,-75.676,13.32,92,100,7.2,US,1699798777
520,muntok,-2.0667,105.1833,27.59,77,76,2.42,ID,1699798779
521,hailey,43.5196,-114.3153,-1.08,74,0,3.6,US,1699798782
522,mata-utu,-13.2816,-176.1745,28.11,78,61,5.67,WF,1699798782
523,amuntai,-2.4177,115.2494,24.78,92,35,0.46,ID,1699798783
524,coracora,-15.0333,-73.7833,15.85,49,33,1.71,PE,1699798784
525,lautoka,-17.6167,177.4667,24.92,78,75,3.6,FJ,1699798784
526,akureyri,65.6835,-18.0878,-3.04,86,0,0.0,IS,1699798785
527,dera bugti,29.0307,69.151,22.1,24,0,2.6,PK,1699798785
528,mournies,35.4764,24.0092,23.22,68,40,6.17,GR,1699798785
529,uren',57.4552,45.7852,3.21,90,100,5.35,RU,1699798787
530,fortuna,40.5982,-124.1573,7.97,100,0,4.12,US,1699798788
531,maridi,4.9158,29.4742,27.89,62,91,1.41,SS,1699798789
532,watsa,3.0372,29.5355,24.95,81,66,0.9,CD,1699798789
533,ovalle,-30.5983,-71.2003,20.33,45,0,2.25,CL,1699798790
534,morondava,-20.2833,44.2833,27.53,69,0,8.81,MG,1699798790
535,kuta,-8.7233,115.1723,28.97,79,40,0.51,ID,1699798791
536,laayoune,27.1622,-13.2032,32.4,17,5,2.9,EH,1699798792
537,itaituba,-4.2761,-55.9836,36.12,38,8,2.56,BR,1699798771
538,kralendijk,12.15,-68.2667,30.99,70,40,9.26,BQ,1699798794
539,prince rupert,54.3161,-130.3201,5.83,73,100,6.69,CA,1699798795
540,osby,56.3816,13.9936,6.12,86,83,1.56,SE,1699798796
541,kourou,5.1552,-52.6478,30.53,63,53,3.78,GF,1699798797
542,marsh harbour,26.5412,-77.0636,26.06,66,98,5.06,BS,1699798798
543,stephenville,32.2207,-98.2023,10.43,94,0,1.54,US,1699798671
544,alton,38.8906,-90.1843,9.33,75,0,2.06,US,1699798678
545,port moresby,-9.4431,147.1797,22.68,88,20,1.03,PG,1699798801
546,dabakala,8.3667,-4.4333,34.54,42,8,1.64,CI,1699798801
547,chul'man,56.8479,124.9104,-8.99,92,100,5.42,RU,1699798802
548,rapla,59.0072,24.7928,5.84,96,100,2.5,EE,1699798804
549,rodriguez,14.7314,121.1417,27.91,79,48,1.85,PH,1699798629
550,magong,23.5654,119.5863,22.75,84,3,18.75,TW,1699798806
551,tonota,-21.4833,27.4833,37.51,7,95,3.69,BW,1699798808
552,argo,37.6333,22.7333,20.99,49,98,2.43,GR,1699798811
553,yauya,-8.9833,-77.3,14.34,58,40,1.46,PE,1699798812
554,afif,23.9065,42.9172,26.21,22,100,2.85,SA,1699798814
555,box elder,41.5005,-112.8764,6.15,46,14,1.33,US,1699798817
556,elizabeth city,36.2946,-76.2511,14.01,84,100,5.14,US,1699798821
557,lethem,3.3803,-59.7968,33.25,46,8,6.19,GY,1699798824
558,pont rouge,48.8833,-72.0825,-2.84,88,36,2.74,CA,1699798826
559,latakia,35.5148,35.7768,24.49,52,31,0.19,SY,1699798827
560,dubbo,-32.25,148.6167,19.07,27,49,4.12,AU,1699798827
561,mount pearl,47.5166,-52.7813,1.75,90,100,7.2,CA,1699798829
562,alpena,45.0617,-83.4327,4.5,79,100,4.12,US,1699798830
563,live oak,36.9836,-121.9805,16.21,64,0,0.89,US,1699798832
564,choibalsan,48.0667,114.5,-9.71,80,2,4.87,MN,1699798835
565,lamarque,-39.423,-65.7021,15.15,15,0,10.02,AR,1699798837
566,santyoku,37.4406,129.1708,3.44,50,8,3.96,KR,1699798838
567,wanning,18.8003,110.3967,25.07,87,80,7.28,CN,1699798839
568,wabrzezno,53.2799,18.9477,9.38,82,71,4.89,PL,1699798840
569,erdemli,36.605,34.3084,23.93,46,24,1.34,TR,1699798840
570,jaumave,23.4167,-99.3833,17.23,99,100,0.69,MX,1699798841
571,vila velha,-20.3297,-40.2925,35.97,53,0,6.17,BR,1699798842
572,venice,27.0998,-82.4543,25.7,88,98,0.89,US,1699798846
573,punta umbria,37.1821,-6.9661,23.46,54,17,1.58,ES,1699798847
574,durango,24.8333,-104.8333,12.48,95,100,1.94,MX,1699798812
575,fada,9.5667,8.3,34.11,18,7,2.41,NG,1699798850
576,lerwick,60.1545,-1.1494,8.0,73,100,3.81,GB,1699798850
577,igurubi,-4.0,33.7,31.05,35,71,2.15,TZ,1699798850
578,pundong,-7.9522,110.3486,26.04,84,56,2.29,ID,1699798851
579,fuqing,25.725,119.3794,18.87,83,100,6.52,CN,1699798851
580,castlegar,49.2998,-117.6689,4.05,99,98,0.58,CA,1699798851
581,ahar,38.4774,47.0699,15.29,36,99,3.4,IR,1699798852
582,karema,-6.8205,30.4389,27.2,64,88,4.22,TZ,1699798854
583,antalaha,-14.9003,50.2788,26.51,72,84,5.84,MG,1699798643
584,tadine,-21.55,167.8833,21.36,70,4,8.76,NC,1699798860
585,shimokizukuri,40.8061,140.3861,3.3,91,92,2.03,JP,1699798861
586,douz,33.4663,9.0203,25.28,24,11,2.63,TN,1699798863
587,kruisfontein,-34.0033,24.7314,18.61,51,10,7.92,ZA,1699798867
588,urumqi,43.801,87.6005,0.53,93,100,1.0,CN,1699798769
589,kajiado,-1.8524,36.7768,21.29,68,74,6.13,KE,1699798869
590,shubarkuduk,49.1447,56.4872,4.95,71,11,1.29,KZ,1699798870
591,atherton,53.5237,-2.4935,8.08,95,100,0.45,GB,1699798872
592,tshabong,-26.05,22.45,34.21,8,0,6.63,BW,1699798874
593,zemio,5.0314,25.1361,27.47,75,58,1.59,CF,1699798875
594,tera,14.0078,0.7531,37.72,6,16,4.05,NE,1699798876
595,ar ruseris,11.8659,34.3869,33.65,36,83,0.44,SD,1699798876
596,touros,-5.1989,-35.4608,30.3,53,0,7.57,BR,1699798885
597,ati,13.2154,18.3353,36.48,14,71,2.8,TD,1699798886
